year,avg_sip_amount,total_invested,num_transactions
2024.0,107659.7637778258,996283454,9254
2025.0,106781.95466526094,405130736,3794
